debatePeriod,debateSitting,debateSittingLink,fileLocalName,fileRemote,debateDate,debateVideoLink,debateConference
Κ΄ ΠΕΡΙΟΔΟΣ (ΠΡΟΕΔΡΕΥΟΜΕΝΗΣ ΚΟΙΝΟΒΟΥΛΕΥΤΙΚΗΣ ΔΗΜΟΚΡΑΤΙΑΣ),ΜΘ',https://www.hellenicparliament.gr/Praktika/Synedriaseis-Olomeleias?sessionRecord=c49edaec-0660-4902-9b6e-b0b600c2b0f9,20231110001633.docx,https://www.hellenicparliament.gr/UserFiles/a08fc2dd-61a9-4a83-b09a-09f4c564609d/20231110001633.docx,10/11/2023,https://www.hellenicparliament.gr/Vouli-ton-Ellinon/ToKtirio/Fotografiko-Archeio/#e6d8dec9-51b8-4d15-8dfc-b0b600b69ca5,Α' Σύνοδος
Κ΄ ΠΕΡΙΟΔΟΣ (ΠΡΟΕΔΡΕΥΟΜΕΝΗΣ ΚΟΙΝΟΒΟΥΛΕΥΤΙΚΗΣ ΔΗΜΟΚΡΑΤΙΑΣ),ΜΗ',https://www.hellenicparliament.gr/Praktika/Synedriaseis-Olomeleias?sessionRecord=43139454-1125-4411-b17c-b0b5015612d5,20231109001632.docx,https://www.hellenicparliament.gr/UserFiles/a08fc2dd-61a9-4a83-b09a-09f4c564609d/20231109001632.docx,09/11/2023,https://www.hellenicparliament.gr/Vouli-ton-Ellinon/ToKtirio/Fotografiko-Archeio/#8e7f5a01-8d2a-476b-b698-b0b5014c05fe,Α' Σύνοδος
Κ΄ ΠΕΡΙΟΔΟΣ (ΠΡΟΕΔΡΕΥΟΜΕΝΗΣ ΚΟΙΝΟΒΟΥΛΕΥΤΙΚΗΣ ΔΗΜΟΚΡΑΤΙΑΣ),ΜΖ',https://www.hellenicparliament.gr/Praktika/Synedriaseis-Olomeleias?sessionRecord=2997fd02-18db-4137-9531-b0b4011a534d,20231108001631.docx,https://www.hellenicparliament.gr/UserFiles/a08fc2dd-61a9-4a83-b09a-09f4c564609d/20231108001631.docx,08/11/2023,https://www.hellenicparliament.gr/Vouli-ton-Ellinon/ToKtirio/Fotografiko-Archeio/#b68ac435-2f52-4c49-8762-b0b400bb894b,Α' Σύνοδος
Κ΄ ΠΕΡΙΟΔΟΣ (ΠΡΟΕΔΡΕΥΟΜΕΝΗΣ ΚΟΙΝΟΒΟΥΛΕΥΤΙΚΗΣ ΔΗΜΟΚΡΑΤΙΑΣ),ΜΣΤ',https://www.hellenicparliament.gr/Praktika/Synedriaseis-Olomeleias?sessionRecord=a13a4773-3d41-4138-9c89-b0b2014e2382,20231106001630_1.docx,https://www.hellenicparliament.gr/UserFiles/a08fc2dd-61a9-4a83-b09a-09f4c564609d/20231106001630_1.docx,06/11/2023,https://www.hellenicparliament.gr/Vouli-ton-Ellinon/ToKtirio/Fotografiko-Archeio/#73d5bdcc-f797-4206-b6b9-b0b201450f04,Α' Σύνοδος
Κ΄ ΠΕΡΙΟΔΟΣ (ΠΡΟΕΔΡΕΥΟΜΕΝΗΣ ΚΟΙΝΟΒΟΥΛΕΥΤΙΚΗΣ ΔΗΜΟΚΡΑΤΙΑΣ),ΜΕ',https://www.hellenicparliament.gr/Praktika/Synedriaseis-Olomeleias?sessionRecord=58a2c5c7-83d6-4f45-975b-b0af00bc197b,20231103001629_1.docx,https://www.hellenicparliament.gr/UserFiles/a08fc2dd-61a9-4a83-b09a-09f4c564609d/20231103001629_1.docx,03/11/2023,https://www.hellenicparliament.gr/Vouli-ton-Ellinon/ToKtirio/Fotografiko-Archeio/#5b9fdafc-7911-45bf-8341-b0af00cf1090,Α' Σύνοδος
Κ΄ ΠΕΡΙΟΔΟΣ (ΠΡΟΕΔΡΕΥΟΜΕΝΗΣ ΚΟΙΝΟΒΟΥΛΕΥΤΙΚΗΣ ΔΗΜΟΚΡΑΤΙΑΣ),ΜΔ',https://www.hellenicparliament.gr/Praktika/Synedriaseis-Olomeleias?sessionRecord=ad6043f1-eda8-4556-a02c-b0af0019a2bb,20231102001628_1.docx,https://www.hellenicparliament.gr/UserFiles/a08fc2dd-61a9-4a83-b09a-09f4c564609d/20231102001628_1.docx,02/11/2023,https://www.hellenicparliament.gr/Vouli-ton-Ellinon/ToKtirio/Fotografiko-Archeio/#9d394f21-630d-4ef0-a4b6-b0ae0159329e,Α' Σύνοδος
Κ΄ ΠΕΡΙΟΔΟΣ (ΠΡΟΕΔΡΕΥΟΜΕΝΗΣ ΚΟΙΝΟΒΟΥΛΕΥΤΙΚΗΣ ΔΗΜΟΚΡΑΤΙΑΣ),ΜΓ',https://www.hellenicparliament.gr/Praktika/Synedriaseis-Olomeleias?sessionRecord=bb2b526c-38b8-4be1-81ef-b0ae00138ad1,20231101001627_1.docx,https://www.hellenicparliament.gr/UserFiles/a08fc2dd-61a9-4a83-b09a-09f4c564609d/20231101001627_1.docx,01/11/2023,https://www.hellenicparliament.gr/Vouli-ton-Ellinon/ToKtirio/Fotografiko-Archeio/#43d61053-ff7c-4005-a99d-b0ae00aef3b7,Α' Σύνοδος
Κ΄ ΠΕΡΙΟΔΟΣ (ΠΡΟΕΔΡΕΥΟΜΕΝΗΣ ΚΟΙΝΟΒΟΥΛΕΥΤΙΚΗΣ ΔΗΜΟΚΡΑΤΙΑΣ),ΜΒ',https://www.hellenicparliament.gr/Praktika/Synedriaseis-Olomeleias?sessionRecord=70a4fb75-4fb6-4f93-b102-b0ab0150ff90,20231030001626_1.docx,https://www.hellenicparliament.gr/UserFiles/a08fc2dd-61a9-4a83-b09a-09f4c564609d/20231030001626_1.docx,30/10/2023,https://www.hellenicparliament.gr/Vouli-ton-Ellinon/ToKtirio/Fotografiko-Archeio/#760a6833-d572-4165-b6bf-b0ac00b0beb9,Α' Σύνοδος
Κ΄ ΠΕΡΙΟΔΟΣ (ΠΡΟΕΔΡΕΥΟΜΕΝΗΣ ΚΟΙΝΟΒΟΥΛΕΥΤΙΚΗΣ ΔΗΜΟΚΡΑΤΙΑΣ),ΜΑ',https://www.hellenicparliament.gr/Praktika/Synedriaseis-Olomeleias?sessionRecord=50e302d5-38a8-47df-85cc-b0a800afd8f0,20231027001625_1.docx,https://www.hellenicparliament.gr/UserFiles/a08fc2dd-61a9-4a83-b09a-09f4c564609d/20231027001625_1.docx,27/10/2023,https://www.hellenicparliament.gr/Vouli-ton-Ellinon/ToKtirio/Fotografiko-Archeio/#2f52ea03-e6c3-4693-9753-b0a800ae0da4,Α' Σύνοδος
Κ΄ ΠΕΡΙΟΔΟΣ (ΠΡΟΕΔΡΕΥΟΜΕΝΗΣ ΚΟΙΝΟΒΟΥΛΕΥΤΙΚΗΣ ΔΗΜΟΚΡΑΤΙΑΣ),Μ',https://www.hellenicparliament.gr/Praktika/Synedriaseis-Olomeleias?sessionRecord=8e55c21e-03ba-4c13-9814-b0a700fac88a,20231026001624_1.docx,https://www.hellenicparliament.gr/UserFiles/a08fc2dd-61a9-4a83-b09a-09f4c564609d/20231026001624_1.docx,26/10/2023,https://www.hellenicparliament.gr/Vouli-ton-Ellinon/ToKtirio/Fotografiko-Archeio/#9814ccae-2b94-4ea5-9678-b0a700eb0899,Α' Σύνοδος
Κ΄ ΠΕΡΙΟΔΟΣ (ΠΡΟΕΔΡΕΥΟΜΕΝΗΣ ΚΟΙΝΟΒΟΥΛΕΥΤΙΚΗΣ ΔΗΜΟΚΡΑΤΙΑΣ),ΛΘ',https://www.hellenicparliament.gr/Praktika/Synedriaseis-Olomeleias?sessionRecord=b51623f8-94e8-4d3e-b450-b0a60176cec4,20231025001623_1.docx,https://www.hellenicparliament.gr/UserFiles/a08fc2dd-61a9-4a83-b09a-09f4c564609d/20231025001623_1.docx,25/10/2023,https://www.hellenicparliament.gr/Vouli-ton-Ellinon/ToKtirio/Fotografiko-Archeio/#a8563905-4344-49e0-99d9-b0a700db839c,Α' Σύνοδος
Κ΄ ΠΕΡΙΟΔΟΣ (ΠΡΟΕΔΡΕΥΟΜΕΝΗΣ ΚΟΙΝΟΒΟΥΛΕΥΤΙΚΗΣ ΔΗΜΟΚΡΑΤΙΑΣ),ΛΗ',https://www.hellenicparliament.gr/Praktika/Synedriaseis-Olomeleias?sessionRecord=3b553f66-6f6c-4b03-94ba-b0a401373960,20231023001622_1.docx,https://www.hellenicparliament.gr/UserFiles/a08fc2dd-61a9-4a83-b09a-09f4c564609d/20231023001622_1.docx,23/10/2023,https://www.hellenicparliament.gr/Vouli-ton-Ellinon/ToKtirio/Fotografiko-Archeio/#6fec3137-5cd4-46f3-8cd4-b0a4012377fe,Α' Σύνοδος
Κ΄ ΠΕΡΙΟΔΟΣ (ΠΡΟΕΔΡΕΥΟΜΕΝΗΣ ΚΟΙΝΟΒΟΥΛΕΥΤΙΚΗΣ ΔΗΜΟΚΡΑΤΙΑΣ),ΛΖ',https://www.hellenicparliament.gr/Praktika/Synedriaseis-Olomeleias?sessionRecord=5285f361-4769-4e39-8948-b0a100d620e4,20231020001621_1.docx,https://www.hellenicparliament.gr/UserFiles/a08fc2dd-61a9-4a83-b09a-09f4c564609d/20231020001621_1.docx,20/10/2023,https://www.hellenicparliament.gr/Vouli-ton-Ellinon/ToKtirio/Fotografiko-Archeio/#32971327-5963-4d6c-a9ad-b0a100c795c8,Α' Σύνοδος
Κ΄ ΠΕΡΙΟΔΟΣ (ΠΡΟΕΔΡΕΥΟΜΕΝΗΣ ΚΟΙΝΟΒΟΥΛΕΥΤΙΚΗΣ ΔΗΜΟΚΡΑΤΙΑΣ),ΛΣΤ',https://www.hellenicparliament.gr/Praktika/Synedriaseis-Olomeleias?sessionRecord=10484e53-95ac-4500-8529-b0a00130d2e6,20231019001620_1.docx,https://www.hellenicparliament.gr/UserFiles/a08fc2dd-61a9-4a83-b09a-09f4c564609d/20231019001620_1.docx,19/10/2023,https://www.hellenicparliament.gr/Vouli-ton-Ellinon/ToKtirio/Fotografiko-Archeio/#1c275139-a63e-4460-9f4f-b0a100c06f34,Α' Σύνοδος
Κ΄ ΠΕΡΙΟΔΟΣ (ΠΡΟΕΔΡΕΥΟΜΕΝΗΣ ΚΟΙΝΟΒΟΥΛΕΥΤΙΚΗΣ ΔΗΜΟΚΡΑΤΙΑΣ),ΛΕ',https://www.hellenicparliament.gr/Praktika/Synedriaseis-Olomeleias?sessionRecord=1bbc619b-2d7d-4fda-9455-b09f0136ac28,20231018001619_1.docx,https://www.hellenicparliament.gr/UserFiles/a08fc2dd-61a9-4a83-b09a-09f4c564609d/20231018001619_1.docx,18/10/2023,https://www.hellenicparliament.gr/Vouli-ton-Ellinon/ToKtirio/Fotografiko-Archeio/#00b44e96-a0aa-4955-96ce-b09f0161b36d,Α' Σύνοδος
Κ΄ ΠΕΡΙΟΔΟΣ (ΠΡΟΕΔΡΕΥΟΜΕΝΗΣ ΚΟΙΝΟΒΟΥΛΕΥΤΙΚΗΣ ΔΗΜΟΚΡΑΤΙΑΣ),ΛΔ',https://www.hellenicparliament.gr/Praktika/Synedriaseis-Olomeleias?sessionRecord=2d494da9-6f52-45c3-b1f9-b09200e3d076,20231005001618_1.docx,https://www.hellenicparliament.gr/UserFiles/a08fc2dd-61a9-4a83-b09a-09f4c564609d/20231005001618_1.docx,05/10/2023,https://www.hellenicparliament.gr/Vouli-ton-Ellinon/ToKtirio/Fotografiko-Archeio/#a00bb1ee-a62c-4310-bfcd-b09200de6b38,Α' Σύνοδος
Κ΄ ΠΕΡΙΟΔΟΣ (ΠΡΟΕΔΡΕΥΟΜΕΝΗΣ ΚΟΙΝΟΒΟΥΛΕΥΤΙΚΗΣ ΔΗΜΟΚΡΑΤΙΑΣ),ΛΓ',https://www.hellenicparliament.gr/Praktika/Synedriaseis-Olomeleias?sessionRecord=009c223f-f8ef-4790-887c-b091017ff874,20231004001617_1.docx,https://www.hellenicparliament.gr/UserFiles/a08fc2dd-61a9-4a83-b09a-09f4c564609d/20231004001617_1.docx,04/10/2023,https://www.hellenicparliament.gr/Vouli-ton-Ellinon/ToKtirio/Fotografiko-Archeio/#01844bfc-1c7f-4aab-8bd5-b09200adb7b4,Α' Σύνοδος
Κ΄ ΠΕΡΙΟΔΟΣ (ΠΡΟΕΔΡΕΥΟΜΕΝΗΣ ΚΟΙΝΟΒΟΥΛΕΥΤΙΚΗΣ ΔΗΜΟΚΡΑΤΙΑΣ),ΛΒ',https://www.hellenicparliament.gr/Praktika/Synedriaseis-Olomeleias?sessionRecord=805e0337-01db-40a5-bdfc-b091000a67d2,20231003001616_1.docx,https://www.hellenicparliament.gr/UserFiles/a08fc2dd-61a9-4a83-b09a-09f4c564609d/20231003001616_1.docx,03/10/2023,https://www.hellenicparliament.gr/Vouli-ton-Ellinon/ToKtirio/Fotografiko-Archeio/#3e042433-65fa-4605-9751-b09100af8cb1,Α' Σύνοδος
Κ΄ ΠΕΡΙΟΔΟΣ (ΠΡΟΕΔΡΕΥΟΜΕΝΗΣ ΚΟΙΝΟΒΟΥΛΕΥΤΙΚΗΣ ΔΗΜΟΚΡΑΤΙΑΣ),ΛΑ',https://www.hellenicparliament.gr/Praktika/Synedriaseis-Olomeleias?sessionRecord=be82fda3-968c-427a-a050-b08f013783ea,20231002001615_1.docx,https://www.hellenicparliament.gr/UserFiles/a08fc2dd-61a9-4a83-b09a-09f4c564609d/20231002001615_1.docx,02/10/2023,https://www.hellenicparliament.gr/Vouli-ton-Ellinon/ToKtirio/Fotografiko-Archeio/#efa604a2-bbf8-4d88-b101-b08f015b34b2,Α' Σύνοδος
Κ΄ ΠΕΡΙΟΔΟΣ (ΠΡΟΕΔΡΕΥΟΜΕΝΗΣ ΚΟΙΝΟΒΟΥΛΕΥΤΙΚΗΣ ΔΗΜΟΚΡΑΤΙΑΣ),Λ',https://www.hellenicparliament.gr/Praktika/Synedriaseis-Olomeleias?sessionRecord=95c1d920-43ab-4996-b3b5-b08c00b710ac,20230929001614_1.docx,https://www.hellenicparliament.gr/UserFiles/a08fc2dd-61a9-4a83-b09a-09f4c564609d/20230929001614_1.docx,29/09/2023,https://www.hellenicparliament.gr/Vouli-ton-Ellinon/ToKtirio/Fotografiko-Archeio/#52fd59e8-c0d0-4bb3-873c-b08c00c0a8fb,Α' Σύνοδος
Κ΄ ΠΕΡΙΟΔΟΣ (ΠΡΟΕΔΡΕΥΟΜΕΝΗΣ ΚΟΙΝΟΒΟΥΛΕΥΤΙΚΗΣ ΔΗΜΟΚΡΑΤΙΑΣ),ΚΘ',https://www.hellenicparliament.gr/Praktika/Synedriaseis-Olomeleias?sessionRecord=93826be2-5517-4cb0-b379-b08a0128006b,20230927001613_1.docx,https://www.hellenicparliament.gr/UserFiles/a08fc2dd-61a9-4a83-b09a-09f4c564609d/20230927001613_1.docx,27/09/2023,https://www.hellenicparliament.gr/Vouli-ton-Ellinon/ToKtirio/Fotografiko-Archeio/#6b19a384-47b4-4f7e-8105-b08a00a79655,Α' Σύνοδος
Κ΄ ΠΕΡΙΟΔΟΣ (ΠΡΟΕΔΡΕΥΟΜΕΝΗΣ ΚΟΙΝΟΒΟΥΛΕΥΤΙΚΗΣ ΔΗΜΟΚΡΑΤΙΑΣ),ΚΗ',https://www.hellenicparliament.gr/Praktika/Synedriaseis-Olomeleias?sessionRecord=f4d58f38-8593-4575-82b9-b08900c66c30,20230926001612_1.docx,https://www.hellenicparliament.gr/UserFiles/a08fc2dd-61a9-4a83-b09a-09f4c564609d/20230926001612_1.docx,26/09/2023,https://www.hellenicparliament.gr/Vouli-ton-Ellinon/ToKtirio/Fotografiko-Archeio/#b165ba03-0f83-492d-a84c-b08900bed4fa,Α' Σύνοδος
Κ΄ ΠΕΡΙΟΔΟΣ (ΠΡΟΕΔΡΕΥΟΜΕΝΗΣ ΚΟΙΝΟΒΟΥΛΕΥΤΙΚΗΣ ΔΗΜΟΚΡΑΤΙΑΣ),ΚΖ',https://www.hellenicparliament.gr/Praktika/Synedriaseis-Olomeleias?sessionRecord=a0399ddd-e270-4ca8-8ff4-b088014ef952,20230925001611_1.docx,https://www.hellenicparliament.gr/UserFiles/a08fc2dd-61a9-4a83-b09a-09f4c564609d/20230925001611_1.docx,25/09/2023,https://www.hellenicparliament.gr/Vouli-ton-Ellinon/ToKtirio/Fotografiko-Archeio/#01aec41c-db2f-48b5-b6e2-b088015ae525,Α' Σύνοδος
Κ΄ ΠΕΡΙΟΔΟΣ (ΠΡΟΕΔΡΕΥΟΜΕΝΗΣ ΚΟΙΝΟΒΟΥΛΕΥΤΙΚΗΣ ΔΗΜΟΚΡΑΤΙΑΣ),ΚΣΤ',https://www.hellenicparliament.gr/Praktika/Synedriaseis-Olomeleias?sessionRecord=9676eb84-b6d6-4622-ab13-b0850138f0a1,20230922001610.docx,https://www.hellenicparliament.gr/UserFiles/a08fc2dd-61a9-4a83-b09a-09f4c564609d/20230922001610.docx,22/09/2023,https://www.hellenicparliament.gr/Vouli-ton-Ellinon/ToKtirio/Fotografiko-Archeio/#a9caf842-771a-4234-a147-b0870169af92,Α' Σύνοδος
Κ΄ ΠΕΡΙΟΔΟΣ (ΠΡΟΕΔΡΕΥΟΜΕΝΗΣ ΚΟΙΝΟΒΟΥΛΕΥΤΙΚΗΣ ΔΗΜΟΚΡΑΤΙΑΣ),ΚΕ',https://www.hellenicparliament.gr/Praktika/Synedriaseis-Olomeleias?sessionRecord=b4d1a4a9-2969-4bb5-857c-b0850025a5c7,20230921001609.docx,https://www.hellenicparliament.gr/UserFiles/a08fc2dd-61a9-4a83-b09a-09f4c564609d/20230921001609.docx,21/09/2023,https://www.hellenicparliament.gr/Vouli-ton-Ellinon/ToKtirio/Fotografiko-Archeio/#dec7e83e-f496-49bd-a1fc-b08500ae3cf1,Α' Σύνοδος
Κ΄ ΠΕΡΙΟΔΟΣ (ΠΡΟΕΔΡΕΥΟΜΕΝΗΣ ΚΟΙΝΟΒΟΥΛΕΥΤΙΚΗΣ ΔΗΜΟΚΡΑΤΙΑΣ),ΚΔ',https://www.hellenicparliament.gr/Praktika/Synedriaseis-Olomeleias?sessionRecord=b98c2b41-4428-40f7-abf5-b08300eb438f,20230920001608_1.docx,https://www.hellenicparliament.gr/UserFiles/a08fc2dd-61a9-4a83-b09a-09f4c564609d/20230920001608_1.docx,20/09/2023,https://www.hellenicparliament.gr/Vouli-ton-Ellinon/ToKtirio/Fotografiko-Archeio/#2788b8cf-7669-4736-b0ed-b08300b62fbb,Α' Σύνοδος
Κ΄ ΠΕΡΙΟΔΟΣ (ΠΡΟΕΔΡΕΥΟΜΕΝΗΣ ΚΟΙΝΟΒΟΥΛΕΥΤΙΚΗΣ ΔΗΜΟΚΡΑΤΙΑΣ),ΚΓ',https://www.hellenicparliament.gr/Praktika/Synedriaseis-Olomeleias?sessionRecord=02c46d14-dcd8-4afa-9e9a-b081012b1f7d,20230918001607_1.docx,https://www.hellenicparliament.gr/UserFiles/a08fc2dd-61a9-4a83-b09a-09f4c564609d/20230918001607_1.docx,18/09/2023,https://www.hellenicparliament.gr/Vouli-ton-Ellinon/ToKtirio/Fotografiko-Archeio/#e5ba9f24-b4f4-4517-98fd-b08101683c02,Α' Σύνοδος
Κ΄ ΠΕΡΙΟΔΟΣ (ΠΡΟΕΔΡΕΥΟΜΕΝΗΣ ΚΟΙΝΟΒΟΥΛΕΥΤΙΚΗΣ ΔΗΜΟΚΡΑΤΙΑΣ),ΚΒ',https://www.hellenicparliament.gr/Praktika/Synedriaseis-Olomeleias?sessionRecord=c21b25d5-e51c-43ba-b0e9-b07d00f2b5e9,20230914001606_1.docx,https://www.hellenicparliament.gr/UserFiles/a08fc2dd-61a9-4a83-b09a-09f4c564609d/20230914001606_1.docx,14/09/2023,https://www.hellenicparliament.gr/Vouli-ton-Ellinon/ToKtirio/Fotografiko-Archeio/#d27f1db3-a58a-452a-98f6-b07d0119ed01,Α' Σύνοδος
Κ΄ ΠΕΡΙΟΔΟΣ (ΠΡΟΕΔΡΕΥΟΜΕΝΗΣ ΚΟΙΝΟΒΟΥΛΕΥΤΙΚΗΣ ΔΗΜΟΚΡΑΤΙΑΣ),ΚΑ',https://www.hellenicparliament.gr/Praktika/Synedriaseis-Olomeleias?sessionRecord=96f100d9-710b-4db1-aa0a-b07d00ad6e1f,20230913001605_1.docx,https://www.hellenicparliament.gr/UserFiles/a08fc2dd-61a9-4a83-b09a-09f4c564609d/20230913001605_1.docx,13/09/2023,https://www.hellenicparliament.gr/Vouli-ton-Ellinon/ToKtirio/Fotografiko-Archeio/#3c48a5c4-8c70-4661-b2a0-b07d00afa742,Α' Σύνοδος
Κ΄ ΠΕΡΙΟΔΟΣ (ΠΡΟΕΔΡΕΥΟΜΕΝΗΣ ΚΟΙΝΟΒΟΥΛΕΥΤΙΚΗΣ ΔΗΜΟΚΡΑΤΙΑΣ),Κ',https://www.hellenicparliament.gr/Praktika/Synedriaseis-Olomeleias?sessionRecord=b72a90c3-4b3b-4150-884d-b07a010e22af,20230911001604_1.docx,https://www.hellenicparliament.gr/UserFiles/a08fc2dd-61a9-4a83-b09a-09f4c564609d/20230911001604_1.docx,11/09/2023,https://www.hellenicparliament.gr/Vouli-ton-Ellinon/ToKtirio/Fotografiko-Archeio/#0e5180d8-72b7-4723-9e7f-b07a010a9201,Α' Σύνοδος
Κ΄ ΠΕΡΙΟΔΟΣ (ΠΡΟΕΔΡΕΥΟΜΕΝΗΣ ΚΟΙΝΟΒΟΥΛΕΥΤΙΚΗΣ ΔΗΜΟΚΡΑΤΙΑΣ),ΙΘ',https://www.hellenicparliament.gr/Praktika/Synedriaseis-Olomeleias?sessionRecord=c149dc35-89f9-4c1a-b760-b076012963b4,20230907001603_1.docx,https://www.hellenicparliament.gr/UserFiles/a08fc2dd-61a9-4a83-b09a-09f4c564609d/20230907001603_1.docx,07/09/2023,https://www.hellenicparliament.gr/Vouli-ton-Ellinon/ToKtirio/Fotografiko-Archeio/#7870603c-0f05-4b9b-aae5-b07601414b5f,Α' Σύνοδος
Κ΄ ΠΕΡΙΟΔΟΣ (ΠΡΟΕΔΡΕΥΟΜΕΝΗΣ ΚΟΙΝΟΒΟΥΛΕΥΤΙΚΗΣ ΔΗΜΟΚΡΑΤΙΑΣ),ΙΗ',https://www.hellenicparliament.gr/Praktika/Synedriaseis-Olomeleias?sessionRecord=37dd2ca5-c8d0-4e79-9999-b074012faa8a,20230905001602_1.docx,https://www.hellenicparliament.gr/UserFiles/a08fc2dd-61a9-4a83-b09a-09f4c564609d/20230905001602_1.docx,05/09/2023,https://www.hellenicparliament.gr/Vouli-ton-Ellinon/ToKtirio/Fotografiko-Archeio/#0506920c-0030-498d-a571-b07500ae93d9,Α' Σύνοδος
Κ΄ ΠΕΡΙΟΔΟΣ (ΠΡΟΕΔΡΕΥΟΜΕΝΗΣ ΚΟΙΝΟΒΟΥΛΕΥΤΙΚΗΣ ΔΗΜΟΚΡΑΤΙΑΣ),ΙΖ',https://www.hellenicparliament.gr/Praktika/Synedriaseis-Olomeleias?sessionRecord=3cca7506-8acd-4f37-a829-b0730130e562,20230904001601_1.docx,https://www.hellenicparliament.gr/UserFiles/a08fc2dd-61a9-4a83-b09a-09f4c564609d/20230904001601_1.docx,04/09/2023,https://www.hellenicparliament.gr/Vouli-ton-Ellinon/ToKtirio/Fotografiko-Archeio/#b9e2fbf6-6c82-4b25-96f1-b07400a10210,Α' Σύνοδος
Κ΄ ΠΕΡΙΟΔΟΣ (ΠΡΟΕΔΡΕΥΟΜΕΝΗΣ ΚΟΙΝΟΒΟΥΛΕΥΤΙΚΗΣ ΔΗΜΟΚΡΑΤΙΑΣ),ΙΣΤ',https://www.hellenicparliament.gr/Praktika/Synedriaseis-Olomeleias?sessionRecord=4d74278d-9d57-4ae6-889a-b07000ed0dba,20230901001600.docx,https://www.hellenicparliament.gr/UserFiles/a08fc2dd-61a9-4a83-b09a-09f4c564609d/20230901001600.docx,01/09/2023,https://www.hellenicparliament.gr/Vouli-ton-Ellinon/ToKtirio/Fotografiko-Archeio/#0a02b6e7-1c8a-4720-ada9-b07000f23271,Α' Σύνοδος
Κ΄ ΠΕΡΙΟΔΟΣ (ΠΡΟΕΔΡΕΥΟΜΕΝΗΣ ΚΟΙΝΟΒΟΥΛΕΥΤΙΚΗΣ ΔΗΜΟΚΡΑΤΙΑΣ),ΙΕ',https://www.hellenicparliament.gr/Praktika/Synedriaseis-Olomeleias?sessionRecord=a5cfcc1b-e66d-49a6-b641-b06f0151175c,20230831001599_1.docx,https://www.hellenicparliament.gr/UserFiles/a08fc2dd-61a9-4a83-b09a-09f4c564609d/20230831001599_1.docx,31/08/2023,https://www.hellenicparliament.gr/Vouli-ton-Ellinon/ToKtirio/Fotografiko-Archeio/#eeaec1d5-affa-4c01-9268-b07000ecaa7d,Α' Σύνοδος
Κ΄ ΠΕΡΙΟΔΟΣ (ΠΡΟΕΔΡΕΥΟΜΕΝΗΣ ΚΟΙΝΟΒΟΥΛΕΥΤΙΚΗΣ ΔΗΜΟΚΡΑΤΙΑΣ),ΙΔ',https://www.hellenicparliament.gr/Praktika/Synedriaseis-Olomeleias?sessionRecord=39e22547-c016-4ed0-9d55-b04d00f13fe0,20230728001598_1.docx,https://www.hellenicparliament.gr/UserFiles/a08fc2dd-61a9-4a83-b09a-09f4c564609d/20230728001598_1.docx,28/07/2023,https://www.hellenicparliament.gr/Vouli-ton-Ellinon/ToKtirio/Fotografiko-Archeio/#61569706-8331-4aa8-a058-b04d00fc62c5,Α' Σύνοδος
Κ΄ ΠΕΡΙΟΔΟΣ (ΠΡΟΕΔΡΕΥΟΜΕΝΗΣ ΚΟΙΝΟΒΟΥΛΕΥΤΙΚΗΣ ΔΗΜΟΚΡΑΤΙΑΣ),ΙΓ',https://www.hellenicparliament.gr/Praktika/Synedriaseis-Olomeleias?sessionRecord=328df456-ec26-4be0-9991-b04c016aa387,20230727001597.docx,https://www.hellenicparliament.gr/UserFiles/a08fc2dd-61a9-4a83-b09a-09f4c564609d/20230727001597.docx,27/07/2023,https://www.hellenicparliament.gr/Vouli-ton-Ellinon/ToKtirio/Fotografiko-Archeio/#cfcefa82-690c-46bc-9b15-b04d00c503fe,Α' Σύνοδος
Κ΄ ΠΕΡΙΟΔΟΣ (ΠΡΟΕΔΡΕΥΟΜΕΝΗΣ ΚΟΙΝΟΒΟΥΛΕΥΤΙΚΗΣ ΔΗΜΟΚΡΑΤΙΑΣ),ΙΒ',https://www.hellenicparliament.gr/Praktika/Synedriaseis-Olomeleias?sessionRecord=27784769-9f0d-47e3-840a-b04c003d9ba5,20230726001596_1.docx,https://www.hellenicparliament.gr/UserFiles/a08fc2dd-61a9-4a83-b09a-09f4c564609d/20230726001596_1.docx,26/07/2023,https://www.hellenicparliament.gr/Vouli-ton-Ellinon/ToKtirio/Fotografiko-Archeio/#be9f5f55-0098-41d9-89dd-b04c00b33510,Α' Σύνοδος
Κ΄ ΠΕΡΙΟΔΟΣ (ΠΡΟΕΔΡΕΥΟΜΕΝΗΣ ΚΟΙΝΟΒΟΥΛΕΥΤΙΚΗΣ ΔΗΜΟΚΡΑΤΙΑΣ),ΙΑ',https://www.hellenicparliament.gr/Praktika/Synedriaseis-Olomeleias?sessionRecord=24acfc1a-626d-4827-8238-b04a014ef8f6,20230725001595_1.docx,https://www.hellenicparliament.gr/UserFiles/a08fc2dd-61a9-4a83-b09a-09f4c564609d/20230725001595_1.docx,25/07/2023,https://www.hellenicparliament.gr/Vouli-ton-Ellinon/ToKtirio/Fotografiko-Archeio/#d27cb45b-f572-4945-ab94-b04a014cd845,Α' Σύνοδος
Κ΄ ΠΕΡΙΟΔΟΣ (ΠΡΟΕΔΡΕΥΟΜΕΝΗΣ ΚΟΙΝΟΒΟΥΛΕΥΤΙΚΗΣ ΔΗΜΟΚΡΑΤΙΑΣ),Ι',https://www.hellenicparliament.gr/Praktika/Synedriaseis-Olomeleias?sessionRecord=8357170a-ffc3-47f9-941d-b04a001f75d4,20230724001594_1.docx,https://www.hellenicparliament.gr/UserFiles/a08fc2dd-61a9-4a83-b09a-09f4c564609d/20230724001594_1.docx,24/07/2023,https://www.hellenicparliament.gr/Vouli-ton-Ellinon/ToKtirio/Fotografiko-Archeio/#defe7511-87f7-4eb8-9b48-b04a0018c3fb,Α' Σύνοδος
Κ΄ ΠΕΡΙΟΔΟΣ (ΠΡΟΕΔΡΕΥΟΜΕΝΗΣ ΚΟΙΝΟΒΟΥΛΕΥΤΙΚΗΣ ΔΗΜΟΚΡΑΤΙΑΣ),Θ',https://www.hellenicparliament.gr/Praktika/Synedriaseis-Olomeleias?sessionRecord=e4d2b21a-a35a-4033-bb7a-b0460120181f,20230721001593_1.docx,https://www.hellenicparliament.gr/UserFiles/a08fc2dd-61a9-4a83-b09a-09f4c564609d/20230721001593_1.docx,21/07/2023,https://www.hellenicparliament.gr/Vouli-ton-Ellinon/ToKtirio/Fotografiko-Archeio/#b9657923-14c6-43e1-9e39-b046010489f1,Α' Σύνοδος
Κ΄ ΠΕΡΙΟΔΟΣ (ΠΡΟΕΔΡΕΥΟΜΕΝΗΣ ΚΟΙΝΟΒΟΥΛΕΥΤΙΚΗΣ ΔΗΜΟΚΡΑΤΙΑΣ),Η',https://www.hellenicparliament.gr/Praktika/Synedriaseis-Olomeleias?sessionRecord=376388c9-10e2-4451-a2b2-b04400d4bafe,20230719001592.docx,https://www.hellenicparliament.gr/UserFiles/a08fc2dd-61a9-4a83-b09a-09f4c564609d/20230719001592.docx,19/07/2023,https://www.hellenicparliament.gr/Vouli-ton-Ellinon/ToKtirio/Fotografiko-Archeio/#84d0f065-23ba-425f-9e1a-b044010f4121,Α' Σύνοδος
Κ΄ ΠΕΡΙΟΔΟΣ (ΠΡΟΕΔΡΕΥΟΜΕΝΗΣ ΚΟΙΝΟΒΟΥΛΕΥΤΙΚΗΣ ΔΗΜΟΚΡΑΤΙΑΣ),Ζ',https://www.hellenicparliament.gr/Praktika/Synedriaseis-Olomeleias?sessionRecord=648ac720-f63b-4078-b67b-b04300eb2f71,20230718001591.docx,https://www.hellenicparliament.gr/UserFiles/a08fc2dd-61a9-4a83-b09a-09f4c564609d/20230718001591.docx,18/07/2023,https://www.hellenicparliament.gr/Vouli-ton-Ellinon/ToKtirio/Fotografiko-Archeio/#0453aac3-abba-4e8f-ba30-b0430115a4d1,Α' Σύνοδος
Κ΄ ΠΕΡΙΟΔΟΣ (ΠΡΟΕΔΡΕΥΟΜΕΝΗΣ ΚΟΙΝΟΒΟΥΛΕΥΤΙΚΗΣ ΔΗΜΟΚΡΑΤΙΑΣ),ΣΤ',https://www.hellenicparliament.gr/Praktika/Synedriaseis-Olomeleias?sessionRecord=371c3b82-e4e3-4ea3-b91c-b039016dc050,20230708001590_1.docx,https://www.hellenicparliament.gr/UserFiles/a08fc2dd-61a9-4a83-b09a-09f4c564609d/20230708001590_1.docx,08/07/2023,https://www.hellenicparliament.gr/Vouli-ton-Ellinon/ToKtirio/Fotografiko-Archeio/#6833dfd5-5d5c-4bea-94ac-b03a0011cd71,Α' Σύνοδος
Κ΄ ΠΕΡΙΟΔΟΣ (ΠΡΟΕΔΡΕΥΟΜΕΝΗΣ ΚΟΙΝΟΒΟΥΛΕΥΤΙΚΗΣ ΔΗΜΟΚΡΑΤΙΑΣ),Ε',https://www.hellenicparliament.gr/Praktika/Synedriaseis-Olomeleias?sessionRecord=5eba2f31-fdcd-4647-9944-b03900291ab1,20230707001589_1.docx,https://www.hellenicparliament.gr/UserFiles/a08fc2dd-61a9-4a83-b09a-09f4c564609d/20230707001589_1.docx,07/07/2023,https://www.hellenicparliament.gr/Vouli-ton-Ellinon/ToKtirio/Fotografiko-Archeio/#a1dc198c-c9a3-4a2c-bd8c-b039009619d8,Α' Σύνοδος
Κ΄ ΠΕΡΙΟΔΟΣ (ΠΡΟΕΔΡΕΥΟΜΕΝΗΣ ΚΟΙΝΟΒΟΥΛΕΥΤΙΚΗΣ ΔΗΜΟΚΡΑΤΙΑΣ),Δ',https://www.hellenicparliament.gr/Praktika/Synedriaseis-Olomeleias?sessionRecord=5c08cf76-2f9d-42ee-b5ec-b038002c4164,20230706001588_1.docx,https://www.hellenicparliament.gr/UserFiles/a08fc2dd-61a9-4a83-b09a-09f4c564609d/20230706001588_1.docx,06/07/2023,https://www.hellenicparliament.gr/Vouli-ton-Ellinon/ToKtirio/Fotografiko-Archeio/#c6e26b97-bd4b-4c7c-a947-b03800b21756,Α' Σύνοδος
Κ΄ ΠΕΡΙΟΔΟΣ (ΠΡΟΕΔΡΕΥΟΜΕΝΗΣ ΚΟΙΝΟΒΟΥΛΕΥΤΙΚΗΣ ΔΗΜΟΚΡΑΤΙΑΣ),Γ',https://www.hellenicparliament.gr/Praktika/Synedriaseis-Olomeleias?sessionRecord=c098fd65-1f2f-4784-beca-b035012d987a,20230704001587_1.docx,https://www.hellenicparliament.gr/UserFiles/a08fc2dd-61a9-4a83-b09a-09f4c564609d/20230704001587_1.docx,04/07/2023,https://www.hellenicparliament.gr/Vouli-ton-Ellinon/ToKtirio/Fotografiko-Archeio/#f4302fbf-067b-4952-8398-b035015bb748,Α' Σύνοδος
Κ΄ ΠΕΡΙΟΔΟΣ (ΠΡΟΕΔΡΕΥΟΜΕΝΗΣ ΚΟΙΝΟΒΟΥΛΕΥΤΙΚΗΣ ΔΗΜΟΚΡΑΤΙΑΣ),Β',https://www.hellenicparliament.gr/Praktika/Synedriaseis-Olomeleias?sessionRecord=644c52d9-dcef-47a0-a77d-b03501190e87,20230704001586_1.docx,https://www.hellenicparliament.gr/UserFiles/a08fc2dd-61a9-4a83-b09a-09f4c564609d/20230704001586_1.docx,04/07/2023,https://www.hellenicparliament.gr/Vouli-ton-Ellinon/ToKtirio/Fotografiko-Archeio/#cedee7fc-6717-4f60-a53f-b035015b3cca,Α' Σύνοδος
Κ΄ ΠΕΡΙΟΔΟΣ (ΠΡΟΕΔΡΕΥΟΜΕΝΗΣ ΚΟΙΝΟΒΟΥΛΕΥΤΙΚΗΣ ΔΗΜΟΚΡΑΤΙΑΣ),Α',https://www.hellenicparliament.gr/Praktika/Synedriaseis-Olomeleias?sessionRecord=62f1355c-6ab4-4566-ab8d-b03400d30825,20230703001585_1.docx,https://www.hellenicparliament.gr/UserFiles/a08fc2dd-61a9-4a83-b09a-09f4c564609d/20230703001585_1.docx,03/07/2023,https://www.hellenicparliament.gr/Vouli-ton-Ellinon/ToKtirio/Fotografiko-Archeio/#92d4a37e-ae52-44fa-8178-b03401059dc4,Α' Σύνοδος
ΙΘ΄ ΠΕΡΙΟΔΟΣ (ΠΡΟΕΔΡΕΥΟΜΕΝΗΣ ΚΟΙΝΟΒΟΥΛΕΥΤΙΚΗΣ ΔΗΜΟΚΡΑΤΙΑΣ),Β',https://www.hellenicparliament.gr/Praktika/Synedriaseis-Olomeleias?sessionRecord=7a200ae8-2289-4547-89a9-b01100e19561,20230529001583_1_1.docx,https://www.hellenicparliament.gr/UserFiles/a08fc2dd-61a9-4a83-b09a-09f4c564609d/20230529001583_1_1.docx,29/05/2023,https://www.hellenicparliament.gr/Vouli-ton-Ellinon/ToKtirio/Fotografiko-Archeio/#4d41c9b4-b7d0-4acd-847b-b01100ef9425,Α' Σύνοδος
ΙΘ΄ ΠΕΡΙΟΔΟΣ (ΠΡΟΕΔΡΕΥΟΜΕΝΗΣ ΚΟΙΝΟΒΟΥΛΕΥΤΙΚΗΣ ΔΗΜΟΚΡΑΤΙΑΣ),Γ',https://www.hellenicparliament.gr/Praktika/Synedriaseis-Olomeleias?sessionRecord=9a8113f8-d92d-47d9-a656-b011011a8638,20230529001584_1.docx,https://www.hellenicparliament.gr/UserFiles/a08fc2dd-61a9-4a83-b09a-09f4c564609d/20230529001584_1.docx,29/05/2023,https://www.hellenicparliament.gr/Vouli-ton-Ellinon/ToKtirio/Fotografiko-Archeio/#1bb1c415-08d8-4604-a0b1-b01101397ef8,Α' Σύνοδος
ΙΘ΄ ΠΕΡΙΟΔΟΣ (ΠΡΟΕΔΡΕΥΟΜΕΝΗΣ ΚΟΙΝΟΒΟΥΛΕΥΤΙΚΗΣ ΔΗΜΟΚΡΑΤΙΑΣ),Α',https://www.hellenicparliament.gr/Praktika/Synedriaseis-Olomeleias?sessionRecord=3e1bdd59-4151-4039-a2f7-b010014be01b,20230528001582.docx,https://www.hellenicparliament.gr/UserFiles/a08fc2dd-61a9-4a83-b09a-09f4c564609d/20230528001582.docx,28/05/2023,https://www.hellenicparliament.gr/Vouli-ton-Ellinon/ToKtirio/Fotografiko-Archeio/#58eaa931-0c79-4e6c-be15-b01001614ca6,Α' Σύνοδος
ΙΗ΄ ΠΕΡΙΟΔΟΣ (ΠΡΟΕΔΡΕΥΟΜΕΝΗΣ ΚΟΙΝΟΒΟΥΛΕΥΤΙΚΗΣ ΔΗΜΟΚΡΑΤΙΑΣ),ΡΔ',https://www.hellenicparliament.gr/Praktika/Synedriaseis-Olomeleias?sessionRecord=508bf9d4-f741-49b4-936f-afe1018adbb4,20230411001581.docx,https://www.hellenicparliament.gr/UserFiles/a08fc2dd-61a9-4a83-b09a-09f4c564609d/20230411001581.docx,11/04/2023,https://www.hellenicparliament.gr/Vouli-ton-Ellinon/ToKtirio/Fotografiko-Archeio/#a69b250d-8379-4f14-99b9-afe200acc2ae,Δ' Σύνοδος
ΙΗ΄ ΠΕΡΙΟΔΟΣ (ΠΡΟΕΔΡΕΥΟΜΕΝΗΣ ΚΟΙΝΟΒΟΥΛΕΥΤΙΚΗΣ ΔΗΜΟΚΡΑΤΙΑΣ),ΡΓ',https://www.hellenicparliament.gr/Praktika/Synedriaseis-Olomeleias?sessionRecord=8ceb5628-e3e7-4348-8f13-afe00155034f,20230410001580_1.docx,https://www.hellenicparliament.gr/UserFiles/a08fc2dd-61a9-4a83-b09a-09f4c564609d/20230410001580_1.docx,10/04/2023,https://www.hellenicparliament.gr/Vouli-ton-Ellinon/ToKtirio/Fotografiko-Archeio/#77fcb892-d556-47e2-93ae-afe100b2330d,Δ' Σύνοδος
ΙΗ΄ ΠΕΡΙΟΔΟΣ (ΠΡΟΕΔΡΕΥΟΜΕΝΗΣ ΚΟΙΝΟΒΟΥΛΕΥΤΙΚΗΣ ΔΗΜΟΚΡΑΤΙΑΣ),ΡΒ',https://www.hellenicparliament.gr/Praktika/Synedriaseis-Olomeleias?sessionRecord=0e17064c-6bee-4100-9e11-afdd01050c81,20230407001579_1.docx,https://www.hellenicparliament.gr/UserFiles/a08fc2dd-61a9-4a83-b09a-09f4c564609d/20230407001579_1.docx,07/04/2023,https://www.hellenicparliament.gr/Vouli-ton-Ellinon/ToKtirio/Fotografiko-Archeio/#a404872a-124a-4ab3-bfea-afdd011b578c,Δ' Σύνοδος
ΙΗ΄ ΠΕΡΙΟΔΟΣ (ΠΡΟΕΔΡΕΥΟΜΕΝΗΣ ΚΟΙΝΟΒΟΥΛΕΥΤΙΚΗΣ ΔΗΜΟΚΡΑΤΙΑΣ),ΡΑ',https://www.hellenicparliament.gr/Praktika/Synedriaseis-Olomeleias?sessionRecord=feca0f53-aae4-498d-b375-afdc0129be00,20230406001578_1.docx,https://www.hellenicparliament.gr/UserFiles/a08fc2dd-61a9-4a83-b09a-09f4c564609d/20230406001578_1.docx,06/04/2023,https://www.hellenicparliament.gr/Vouli-ton-Ellinon/ToKtirio/Fotografiko-Archeio/#181f726c-ad97-41d3-ae0a-afdc01617403,Δ' Σύνοδος
ΙΗ΄ ΠΕΡΙΟΔΟΣ (ΠΡΟΕΔΡΕΥΟΜΕΝΗΣ ΚΟΙΝΟΒΟΥΛΕΥΤΙΚΗΣ ΔΗΜΟΚΡΑΤΙΑΣ),Ρ',https://www.hellenicparliament.gr/Praktika/Synedriaseis-Olomeleias?sessionRecord=c1d530b5-54cf-44c3-8e0c-afdb012fb154,20230405001577_1.docx,https://www.hellenicparliament.gr/UserFiles/a08fc2dd-61a9-4a83-b09a-09f4c564609d/20230405001577_1.docx,05/04/2023,https://www.hellenicparliament.gr/Vouli-ton-Ellinon/ToKtirio/Fotografiko-Archeio/#d50be4dc-41b2-483b-9ff4-afdc00b1eb01,Δ' Σύνοδος
ΙΗ΄ ΠΕΡΙΟΔΟΣ (ΠΡΟΕΔΡΕΥΟΜΕΝΗΣ ΚΟΙΝΟΒΟΥΛΕΥΤΙΚΗΣ ΔΗΜΟΚΡΑΤΙΑΣ),ϞΘ',https://www.hellenicparliament.gr/Praktika/Synedriaseis-Olomeleias?sessionRecord=e7204cb2-7419-4cb4-9827-afd9015a3d56,20230403001576_1.docx,https://www.hellenicparliament.gr/UserFiles/a08fc2dd-61a9-4a83-b09a-09f4c564609d/20230403001576_1.docx,03/04/2023,https://www.hellenicparliament.gr/Vouli-ton-Ellinon/ToKtirio/Fotografiko-Archeio/#2d4cf73c-0fbb-4339-b831-afda00b14b6e,Δ' Σύνοδος
ΙΗ΄ ΠΕΡΙΟΔΟΣ (ΠΡΟΕΔΡΕΥΟΜΕΝΗΣ ΚΟΙΝΟΒΟΥΛΕΥΤΙΚΗΣ ΔΗΜΟΚΡΑΤΙΑΣ),ϞΗ',https://www.hellenicparliament.gr/Praktika/Synedriaseis-Olomeleias?sessionRecord=b2dac0e5-d1de-4712-9797-afd600c3ae85,20230331001575_1.docx,https://www.hellenicparliament.gr/UserFiles/a08fc2dd-61a9-4a83-b09a-09f4c564609d/20230331001575_1.docx,31/03/2023,https://www.hellenicparliament.gr/Vouli-ton-Ellinon/ToKtirio/Fotografiko-Archeio/#f8c5d0a4-2117-4c5b-92b4-afd600b8ed42,Δ' Σύνοδος
ΙΗ΄ ΠΕΡΙΟΔΟΣ (ΠΡΟΕΔΡΕΥΟΜΕΝΗΣ ΚΟΙΝΟΒΟΥΛΕΥΤΙΚΗΣ ΔΗΜΟΚΡΑΤΙΑΣ),ϞΖ',https://www.hellenicparliament.gr/Praktika/Synedriaseis-Olomeleias?sessionRecord=36004286-0a4f-4bc4-9036-afd60011e1cd,20230330001574_1.docx,https://www.hellenicparliament.gr/UserFiles/a08fc2dd-61a9-4a83-b09a-09f4c564609d/20230330001574_1.docx,30/03/2023,https://www.hellenicparliament.gr/Vouli-ton-Ellinon/ToKtirio/Fotografiko-Archeio/#c9834cc8-fce0-476d-9fb9-afd600b40cc9,Δ' Σύνοδος
ΙΗ΄ ΠΕΡΙΟΔΟΣ (ΠΡΟΕΔΡΕΥΟΜΕΝΗΣ ΚΟΙΝΟΒΟΥΛΕΥΤΙΚΗΣ ΔΗΜΟΚΡΑΤΙΑΣ),ϞΣΤ',https://www.hellenicparliament.gr/Praktika/Synedriaseis-Olomeleias?sessionRecord=a74b7d56-dc3e-4432-86c9-afd4014842e9,20230329001573_1.docx,https://www.hellenicparliament.gr/UserFiles/a08fc2dd-61a9-4a83-b09a-09f4c564609d/20230329001573_1.docx,29/03/2023,https://www.hellenicparliament.gr/Vouli-ton-Ellinon/ToKtirio/Fotografiko-Archeio/#811ef2ca-f1f8-4684-ab6e-afd500b3876f,Δ' Σύνοδος
ΙΗ΄ ΠΕΡΙΟΔΟΣ (ΠΡΟΕΔΡΕΥΟΜΕΝΗΣ ΚΟΙΝΟΒΟΥΛΕΥΤΙΚΗΣ ΔΗΜΟΚΡΑΤΙΑΣ),ϞΕ',https://www.hellenicparliament.gr/Praktika/Synedriaseis-Olomeleias?sessionRecord=a369f8f1-f049-4e38-8904-afd20130a06c,20230327001572_1.docx,https://www.hellenicparliament.gr/UserFiles/a08fc2dd-61a9-4a83-b09a-09f4c564609d/20230327001572_1.docx,27/03/2023,https://www.hellenicparliament.gr/Vouli-ton-Ellinon/ToKtirio/Fotografiko-Archeio/#9b6d609f-d0e2-42dc-bb93-afd300be0899,Δ' Σύνοδος
ΙΗ΄ ΠΕΡΙΟΔΟΣ (ΠΡΟΕΔΡΕΥΟΜΕΝΗΣ ΚΟΙΝΟΒΟΥΛΕΥΤΙΚΗΣ ΔΗΜΟΚΡΑΤΙΑΣ),ϞΔ',https://www.hellenicparliament.gr/Praktika/Synedriaseis-Olomeleias?sessionRecord=93969b2c-0365-44c4-bca0-afce01645411,20230323001571_1.docx,https://www.hellenicparliament.gr/UserFiles/a08fc2dd-61a9-4a83-b09a-09f4c564609d/20230323001571_1.docx,23/03/2023,https://www.hellenicparliament.gr/Vouli-ton-Ellinon/ToKtirio/Fotografiko-Archeio/#12bbce34-3595-418b-9097-afcf00a773e3,Δ' Σύνοδος
ΙΗ΄ ΠΕΡΙΟΔΟΣ (ΠΡΟΕΔΡΕΥΟΜΕΝΗΣ ΚΟΙΝΟΒΟΥΛΕΥΤΙΚΗΣ ΔΗΜΟΚΡΑΤΙΑΣ),ϞΓ',https://www.hellenicparliament.gr/Praktika/Synedriaseis-Olomeleias?sessionRecord=bee7198f-eb27-4932-b948-afcd0145d304,20230322001570_1.docx,https://www.hellenicparliament.gr/UserFiles/a08fc2dd-61a9-4a83-b09a-09f4c564609d/20230322001570_1.docx,22/03/2023,https://www.hellenicparliament.gr/Vouli-ton-Ellinon/ToKtirio/Fotografiko-Archeio/#fab9042f-a5f5-44a6-b84a-afce00aef703,Δ' Σύνοδος
ΙΗ΄ ΠΕΡΙΟΔΟΣ (ΠΡΟΕΔΡΕΥΟΜΕΝΗΣ ΚΟΙΝΟΒΟΥΛΕΥΤΙΚΗΣ ΔΗΜΟΚΡΑΤΙΑΣ),ϞΒ',https://www.hellenicparliament.gr/Praktika/Synedriaseis-Olomeleias?sessionRecord=6dc68613-6741-42f1-9b58-afcc0164fed7,20230321001569.docx,https://www.hellenicparliament.gr/UserFiles/a08fc2dd-61a9-4a83-b09a-09f4c564609d/20230321001569.docx,21/03/2023,https://www.hellenicparliament.gr/Vouli-ton-Ellinon/ToKtirio/Fotografiko-Archeio/#5609d07d-1882-4c96-87d1-afcd00ab3610,Δ' Σύνοδος
ΙΗ΄ ΠΕΡΙΟΔΟΣ (ΠΡΟΕΔΡΕΥΟΜΕΝΗΣ ΚΟΙΝΟΒΟΥΛΕΥΤΙΚΗΣ ΔΗΜΟΚΡΑΤΙΑΣ),ϞΑ',https://www.hellenicparliament.gr/Praktika/Synedriaseis-Olomeleias?sessionRecord=c2300773-53d9-4ba1-8e1e-afcb0174e926,20230320001568_1.docx,https://www.hellenicparliament.gr/UserFiles/a08fc2dd-61a9-4a83-b09a-09f4c564609d/20230320001568_1.docx,20/03/2023,https://www.hellenicparliament.gr/Vouli-ton-Ellinon/ToKtirio/Fotografiko-Archeio/#37095c6a-6397-4f68-afbd-afcc00b42596,Δ' Σύνοδος
ΙΗ΄ ΠΕΡΙΟΔΟΣ (ΠΡΟΕΔΡΕΥΟΜΕΝΗΣ ΚΟΙΝΟΒΟΥΛΕΥΤΙΚΗΣ ΔΗΜΟΚΡΑΤΙΑΣ),Ϟ',https://www.hellenicparliament.gr/Praktika/Synedriaseis-Olomeleias?sessionRecord=9909e2a7-3523-4c93-bdec-afc800c6eee6,20230317001567_1.docx,https://www.hellenicparliament.gr/UserFiles/a08fc2dd-61a9-4a83-b09a-09f4c564609d/20230317001567_1.docx,17/03/2023,https://www.hellenicparliament.gr/Vouli-ton-Ellinon/ToKtirio/Fotografiko-Archeio/#efd9608d-5c3d-4dfd-a7e3-afc800af0db4,Δ' Σύνοδος
ΙΗ΄ ΠΕΡΙΟΔΟΣ (ΠΡΟΕΔΡΕΥΟΜΕΝΗΣ ΚΟΙΝΟΒΟΥΛΕΥΤΙΚΗΣ ΔΗΜΟΚΡΑΤΙΑΣ),ΠΘ',https://www.hellenicparliament.gr/Praktika/Synedriaseis-Olomeleias?sessionRecord=6726ea55-bce7-45b9-9f2b-afc7010e6f14,20230316001566_1.docx,https://www.hellenicparliament.gr/UserFiles/a08fc2dd-61a9-4a83-b09a-09f4c564609d/20230316001566_1.docx,16/03/2023,https://www.hellenicparliament.gr/Vouli-ton-Ellinon/ToKtirio/Fotografiko-Archeio/#c8840978-649b-4189-8054-afc701170fc4,Δ' Σύνοδος
ΙΗ΄ ΠΕΡΙΟΔΟΣ (ΠΡΟΕΔΡΕΥΟΜΕΝΗΣ ΚΟΙΝΟΒΟΥΛΕΥΤΙΚΗΣ ΔΗΜΟΚΡΑΤΙΑΣ),ΠΗ',https://www.hellenicparliament.gr/Praktika/Synedriaseis-Olomeleias?sessionRecord=3949693e-e997-4ef4-a999-afc6015ca61c,20230315001565_1.docx,https://www.hellenicparliament.gr/UserFiles/a08fc2dd-61a9-4a83-b09a-09f4c564609d/20230315001565_1.docx,15/03/2023,https://www.hellenicparliament.gr/Vouli-ton-Ellinon/ToKtirio/Fotografiko-Archeio/#de846c9a-63de-40dd-840e-afc700ba1288,Δ' Σύνοδος
ΙΗ΄ ΠΕΡΙΟΔΟΣ (ΠΡΟΕΔΡΕΥΟΜΕΝΗΣ ΚΟΙΝΟΒΟΥΛΕΥΤΙΚΗΣ ΔΗΜΟΚΡΑΤΙΑΣ),ΠΖ',https://www.hellenicparliament.gr/Praktika/Synedriaseis-Olomeleias?sessionRecord=d7a5b95a-0173-4620-ae57-afc4015bd4ce,20230313001564_1.docx,https://www.hellenicparliament.gr/UserFiles/a08fc2dd-61a9-4a83-b09a-09f4c564609d/20230313001564_1.docx,13/03/2023,https://www.hellenicparliament.gr/Vouli-ton-Ellinon/ToKtirio/Fotografiko-Archeio/#57971fa4-2fef-44c4-9b58-afc500adfbea,Δ' Σύνοδος
ΙΗ΄ ΠΕΡΙΟΔΟΣ (ΠΡΟΕΔΡΕΥΟΜΕΝΗΣ ΚΟΙΝΟΒΟΥΛΕΥΤΙΚΗΣ ΔΗΜΟΚΡΑΤΙΑΣ),ΠΣΤ',https://www.hellenicparliament.gr/Praktika/Synedriaseis-Olomeleias?sessionRecord=c98d455a-85f2-42d2-a079-afc100d8e1a1,20230310001563_1.docx,https://www.hellenicparliament.gr/UserFiles/a08fc2dd-61a9-4a83-b09a-09f4c564609d/20230310001563_1.docx,10/03/2023,https://www.hellenicparliament.gr/Vouli-ton-Ellinon/ToKtirio/Fotografiko-Archeio/#1c9b5a26-a93b-4e93-a00a-afc100db0c7a,Δ' Σύνοδος
ΙΗ΄ ΠΕΡΙΟΔΟΣ (ΠΡΟΕΔΡΕΥΟΜΕΝΗΣ ΚΟΙΝΟΒΟΥΛΕΥΤΙΚΗΣ ΔΗΜΟΚΡΑΤΙΑΣ),ΠΕ',https://www.hellenicparliament.gr/Praktika/Synedriaseis-Olomeleias?sessionRecord=354c06e2-0e8f-4a67-9fc8-afc000be73a1,20230309001562_1.docx,https://www.hellenicparliament.gr/UserFiles/a08fc2dd-61a9-4a83-b09a-09f4c564609d/20230309001562_1.docx,09/03/2023,https://www.hellenicparliament.gr/Vouli-ton-Ellinon/ToKtirio/Fotografiko-Archeio/#22cdaf33-97d5-4a40-a6d0-afc000c4d61b,Δ' Σύνοδος
ΙΗ΄ ΠΕΡΙΟΔΟΣ (ΠΡΟΕΔΡΕΥΟΜΕΝΗΣ ΚΟΙΝΟΒΟΥΛΕΥΤΙΚΗΣ ΔΗΜΟΚΡΑΤΙΑΣ),ΠΔ',https://www.hellenicparliament.gr/Praktika/Synedriaseis-Olomeleias?sessionRecord=30265482-94ce-4c5a-b646-afbf013dc73f,20230308001561_1.docx,https://www.hellenicparliament.gr/UserFiles/a08fc2dd-61a9-4a83-b09a-09f4c564609d/20230308001561_1.docx,08/03/2023,https://www.hellenicparliament.gr/Vouli-ton-Ellinon/ToKtirio/Fotografiko-Archeio/#73917671-ee62-45a0-88cb-afc000b2a5c8,Δ' Σύνοδος
ΙΗ΄ ΠΕΡΙΟΔΟΣ (ΠΡΟΕΔΡΕΥΟΜΕΝΗΣ ΚΟΙΝΟΒΟΥΛΕΥΤΙΚΗΣ ΔΗΜΟΚΡΑΤΙΑΣ),ΠΓ',https://www.hellenicparliament.gr/Praktika/Synedriaseis-Olomeleias?sessionRecord=eb0337f0-2b84-4c7c-9dd9-afbe012ecf5d,20230307001560_1.docx,https://www.hellenicparliament.gr/UserFiles/a08fc2dd-61a9-4a83-b09a-09f4c564609d/20230307001560_1.docx,07/03/2023,https://www.hellenicparliament.gr/Vouli-ton-Ellinon/ToKtirio/Fotografiko-Archeio/#aecd1337-2480-43ff-bd13-afbe01595fea,Δ' Σύνοδος
ΙΗ΄ ΠΕΡΙΟΔΟΣ (ΠΡΟΕΔΡΕΥΟΜΕΝΗΣ ΚΟΙΝΟΒΟΥΛΕΥΤΙΚΗΣ ΔΗΜΟΚΡΑΤΙΑΣ),ΠΒ',https://www.hellenicparliament.gr/Praktika/Synedriaseis-Olomeleias?sessionRecord=b83e51f8-4c75-43ce-a3e2-afb7014400be,20230228001559_1.docx,https://www.hellenicparliament.gr/UserFiles/a08fc2dd-61a9-4a83-b09a-09f4c564609d/20230228001559_1.docx,28/02/2023,https://www.hellenicparliament.gr/Vouli-ton-Ellinon/ToKtirio/Fotografiko-Archeio/#af68007c-2d6f-4b44-a7c2-afb800b6a06e,Δ' Σύνοδος
ΙΗ΄ ΠΕΡΙΟΔΟΣ (ΠΡΟΕΔΡΕΥΟΜΕΝΗΣ ΚΟΙΝΟΒΟΥΛΕΥΤΙΚΗΣ ΔΗΜΟΚΡΑΤΙΑΣ),ΠΑ',https://www.hellenicparliament.gr/Praktika/Synedriaseis-Olomeleias?sessionRecord=b7ab31da-d3a5-4b6c-8725-afb300c4f41e,20230224001558.docx,https://www.hellenicparliament.gr/UserFiles/a08fc2dd-61a9-4a83-b09a-09f4c564609d/20230224001558.docx,24/02/2023,https://www.hellenicparliament.gr/Vouli-ton-Ellinon/ToKtirio/Fotografiko-Archeio/#f161e084-40ae-498b-8902-afb300c862e2,Δ' Σύνοδος
ΙΗ΄ ΠΕΡΙΟΔΟΣ (ΠΡΟΕΔΡΕΥΟΜΕΝΗΣ ΚΟΙΝΟΒΟΥΛΕΥΤΙΚΗΣ ΔΗΜΟΚΡΑΤΙΑΣ),Π',https://www.hellenicparliament.gr/Praktika/Synedriaseis-Olomeleias?sessionRecord=87149add-9b4c-4e47-b0bf-afb20121a73e,20230223001557_1.docx,https://www.hellenicparliament.gr/UserFiles/a08fc2dd-61a9-4a83-b09a-09f4c564609d/20230223001557_1.docx,23/02/2023,https://www.hellenicparliament.gr/Vouli-ton-Ellinon/ToKtirio/Fotografiko-Archeio/#151214d2-4d65-45e5-bd95-afb300beda6c,Δ' Σύνοδος
ΙΗ΄ ΠΕΡΙΟΔΟΣ (ΠΡΟΕΔΡΕΥΟΜΕΝΗΣ ΚΟΙΝΟΒΟΥΛΕΥΤΙΚΗΣ ΔΗΜΟΚΡΑΤΙΑΣ),ΟΘ',https://www.hellenicparliament.gr/Praktika/Synedriaseis-Olomeleias?sessionRecord=96ddc175-6b21-4de8-85d9-afb1015bae77,20230222001556.docx,https://www.hellenicparliament.gr/UserFiles/a08fc2dd-61a9-4a83-b09a-09f4c564609d/20230222001556.docx,22/02/2023,https://www.hellenicparliament.gr/Vouli-ton-Ellinon/ToKtirio/Fotografiko-Archeio/#6e35f15f-06b0-4293-9d36-afb200b1ddb6,Δ' Σύνοδος
ΙΗ΄ ΠΕΡΙΟΔΟΣ (ΠΡΟΕΔΡΕΥΟΜΕΝΗΣ ΚΟΙΝΟΒΟΥΛΕΥΤΙΚΗΣ ΔΗΜΟΚΡΑΤΙΑΣ),ΟΗ',https://www.hellenicparliament.gr/Praktika/Synedriaseis-Olomeleias?sessionRecord=d689eab9-4a03-40c8-8ae3-afb00123b679,20230221001555_1.docx,https://www.hellenicparliament.gr/UserFiles/a08fc2dd-61a9-4a83-b09a-09f4c564609d/20230221001555_1.docx,21/02/2023,https://www.hellenicparliament.gr/Vouli-ton-Ellinon/ToKtirio/Fotografiko-Archeio/#8b78a4d3-4f6b-4a41-ac65-afb0011f36f9,Δ' Σύνοδος
ΙΗ΄ ΠΕΡΙΟΔΟΣ (ΠΡΟΕΔΡΕΥΟΜΕΝΗΣ ΚΟΙΝΟΒΟΥΛΕΥΤΙΚΗΣ ΔΗΜΟΚΡΑΤΙΑΣ),ΟΖ',https://www.hellenicparliament.gr/Praktika/Synedriaseis-Olomeleias?sessionRecord=1045e7ea-5f64-4bcb-80c6-afaf014fad91,20230220001554_1.docx,https://www.hellenicparliament.gr/UserFiles/a08fc2dd-61a9-4a83-b09a-09f4c564609d/20230220001554_1.docx,20/02/2023,https://www.hellenicparliament.gr/Vouli-ton-Ellinon/ToKtirio/Fotografiko-Archeio/#9d51f55f-0943-4cdf-ad8e-afb000b04e0e,Δ' Σύνοδος
ΙΗ΄ ΠΕΡΙΟΔΟΣ (ΠΡΟΕΔΡΕΥΟΜΕΝΗΣ ΚΟΙΝΟΒΟΥΛΕΥΤΙΚΗΣ ΔΗΜΟΚΡΑΤΙΑΣ),ΟΣΤ',https://www.hellenicparliament.gr/Praktika/Synedriaseis-Olomeleias?sessionRecord=8b53666c-4a42-4cd4-84ee-afac01318e11,20230217001553_1.docx,https://www.hellenicparliament.gr/UserFiles/a08fc2dd-61a9-4a83-b09a-09f4c564609d/20230217001553_1.docx,17/02/2023,https://www.hellenicparliament.gr/Vouli-ton-Ellinon/ToKtirio/Fotografiko-Archeio/#30659fb4-8b60-4b63-9d79-afad001add2e,Δ' Σύνοδος
ΙΗ΄ ΠΕΡΙΟΔΟΣ (ΠΡΟΕΔΡΕΥΟΜΕΝΗΣ ΚΟΙΝΟΒΟΥΛΕΥΤΙΚΗΣ ΔΗΜΟΚΡΑΤΙΑΣ),ΟΕ',https://www.hellenicparliament.gr/Praktika/Synedriaseis-Olomeleias?sessionRecord=ea3a8cfd-3b54-4692-9d33-afab0114bbad,20230216001552_1.docx,https://www.hellenicparliament.gr/UserFiles/a08fc2dd-61a9-4a83-b09a-09f4c564609d/20230216001552_1.docx,16/02/2023,https://www.hellenicparliament.gr/Vouli-ton-Ellinon/ToKtirio/Fotografiko-Archeio/#ad60eef0-59d4-4ad6-a4c2-afab01177538,Δ' Σύνοδος
ΙΗ΄ ΠΕΡΙΟΔΟΣ (ΠΡΟΕΔΡΕΥΟΜΕΝΗΣ ΚΟΙΝΟΒΟΥΛΕΥΤΙΚΗΣ ΔΗΜΟΚΡΑΤΙΑΣ),ΟΔ',https://www.hellenicparliament.gr/Praktika/Synedriaseis-Olomeleias?sessionRecord=b005e614-ffdd-4f84-a34d-afaa00d43a42,20230215001551_1.docx,https://www.hellenicparliament.gr/UserFiles/a08fc2dd-61a9-4a83-b09a-09f4c564609d/20230215001551_1.docx,15/02/2023,https://www.hellenicparliament.gr/Vouli-ton-Ellinon/ToKtirio/Fotografiko-Archeio/#08276e88-c502-4647-93f9-afaa00d82107,Δ' Σύνοδος
ΙΗ΄ ΠΕΡΙΟΔΟΣ (ΠΡΟΕΔΡΕΥΟΜΕΝΗΣ ΚΟΙΝΟΒΟΥΛΕΥΤΙΚΗΣ ΔΗΜΟΚΡΑΤΙΑΣ),ΟΓ',https://www.hellenicparliament.gr/Praktika/Synedriaseis-Olomeleias?sessionRecord=84cc5c04-6a7d-4300-9cda-afa90107d47d,20230214001550_1.docx,https://www.hellenicparliament.gr/UserFiles/a08fc2dd-61a9-4a83-b09a-09f4c564609d/20230214001550_1.docx,14/02/2023,https://www.hellenicparliament.gr/Vouli-ton-Ellinon/ToKtirio/Fotografiko-Archeio/#4ee28e0f-bff3-4267-a238-afaa009deef0,Δ' Σύνοδος
ΙΗ΄ ΠΕΡΙΟΔΟΣ (ΠΡΟΕΔΡΕΥΟΜΕΝΗΣ ΚΟΙΝΟΒΟΥΛΕΥΤΙΚΗΣ ΔΗΜΟΚΡΑΤΙΑΣ),ΟΒ',https://www.hellenicparliament.gr/Praktika/Synedriaseis-Olomeleias?sessionRecord=d2c36c7c-bd02-4852-8d24-afa80157da45,20230213001549_1.docx,https://www.hellenicparliament.gr/UserFiles/a08fc2dd-61a9-4a83-b09a-09f4c564609d/20230213001549_1.docx,13/02/2023,https://www.hellenicparliament.gr/Vouli-ton-Ellinon/ToKtirio/Fotografiko-Archeio/#7bf109ff-f12d-4e15-9a22-afa9009b7cec,Δ' Σύνοδος
ΙΗ΄ ΠΕΡΙΟΔΟΣ (ΠΡΟΕΔΡΕΥΟΜΕΝΗΣ ΚΟΙΝΟΒΟΥΛΕΥΤΙΚΗΣ ΔΗΜΟΚΡΑΤΙΑΣ),ΟΑ',https://www.hellenicparliament.gr/Praktika/Synedriaseis-Olomeleias?sessionRecord=d7b9c0b6-7ca1-48be-acc0-afa5010e4ac1,20230210001548_1.docx,https://www.hellenicparliament.gr/UserFiles/a08fc2dd-61a9-4a83-b09a-09f4c564609d/20230210001548_1.docx,10/02/2023,https://www.hellenicparliament.gr/Vouli-ton-Ellinon/ToKtirio/Fotografiko-Archeio/#6834906d-1773-4c44-8c9a-afa501009617,Δ' Σύνοδος
ΙΗ΄ ΠΕΡΙΟΔΟΣ (ΠΡΟΕΔΡΕΥΟΜΕΝΗΣ ΚΟΙΝΟΒΟΥΛΕΥΤΙΚΗΣ ΔΗΜΟΚΡΑΤΙΑΣ),Ο',https://www.hellenicparliament.gr/Praktika/Synedriaseis-Olomeleias?sessionRecord=336c8480-75d7-4a9e-bc86-afa401011528,20230209001547_1.docx,https://www.hellenicparliament.gr/UserFiles/a08fc2dd-61a9-4a83-b09a-09f4c564609d/20230209001547_1.docx,09/02/2023,https://www.hellenicparliament.gr/Vouli-ton-Ellinon/ToKtirio/Fotografiko-Archeio/#b264327e-a1fb-4cc5-8856-afa400e7984b,Δ' Σύνοδος
ΙΗ΄ ΠΕΡΙΟΔΟΣ (ΠΡΟΕΔΡΕΥΟΜΕΝΗΣ ΚΟΙΝΟΒΟΥΛΕΥΤΙΚΗΣ ΔΗΜΟΚΡΑΤΙΑΣ),ΞΘ',https://www.hellenicparliament.gr/Praktika/Synedriaseis-Olomeleias?sessionRecord=f38812ba-b72c-4b79-91f5-afa301876179,20230208001546_1.docx,https://www.hellenicparliament.gr/UserFiles/a08fc2dd-61a9-4a83-b09a-09f4c564609d/20230208001546_1.docx,08/02/2023,https://www.hellenicparliament.gr/Vouli-ton-Ellinon/ToKtirio/Fotografiko-Archeio/#a068396e-864c-41be-83ed-afa400b60a48,Δ' Σύνοδος
ΙΗ΄ ΠΕΡΙΟΔΟΣ (ΠΡΟΕΔΡΕΥΟΜΕΝΗΣ ΚΟΙΝΟΒΟΥΛΕΥΤΙΚΗΣ ΔΗΜΟΚΡΑΤΙΑΣ),ΞΗ',https://www.hellenicparliament.gr/Praktika/Synedriaseis-Olomeleias?sessionRecord=1a91fa03-1f9b-4e82-aba0-afa20160bd18,20230207001545_1.docx,https://www.hellenicparliament.gr/UserFiles/a08fc2dd-61a9-4a83-b09a-09f4c564609d/20230207001545_1.docx,07/02/2023,https://www.hellenicparliament.gr/Vouli-ton-Ellinon/ToKtirio/Fotografiko-Archeio/#32862b7a-1da1-4335-87fc-afa300b7f344,Δ' Σύνοδος
ΙΗ΄ ΠΕΡΙΟΔΟΣ (ΠΡΟΕΔΡΕΥΟΜΕΝΗΣ ΚΟΙΝΟΒΟΥΛΕΥΤΙΚΗΣ ΔΗΜΟΚΡΑΤΙΑΣ),ΞΖ',https://www.hellenicparliament.gr/Praktika/Synedriaseis-Olomeleias?sessionRecord=9293eb29-99b4-4999-b895-af9d01097e01,20230202001544_1.docx,https://www.hellenicparliament.gr/UserFiles/a08fc2dd-61a9-4a83-b09a-09f4c564609d/20230202001544_1.docx,02/02/2023,https://www.hellenicparliament.gr/Vouli-ton-Ellinon/ToKtirio/Fotografiko-Archeio/#cdefdf8d-66d8-4951-8b4a-af9d00fc026e,Δ' Σύνοδος
ΙΗ΄ ΠΕΡΙΟΔΟΣ (ΠΡΟΕΔΡΕΥΟΜΕΝΗΣ ΚΟΙΝΟΒΟΥΛΕΥΤΙΚΗΣ ΔΗΜΟΚΡΑΤΙΑΣ),ΞΣΤ',https://www.hellenicparliament.gr/Praktika/Synedriaseis-Olomeleias?sessionRecord=0484d4c0-18bb-45ab-92dd-af9c00faf904,20230201001543_1.docx,https://www.hellenicparliament.gr/UserFiles/a08fc2dd-61a9-4a83-b09a-09f4c564609d/20230201001543_1.docx,01/02/2023,https://www.hellenicparliament.gr/Vouli-ton-Ellinon/ToKtirio/Fotografiko-Archeio/#725f2f5b-70bc-4408-8418-af9c00de8025,Δ' Σύνοδος
ΙΗ΄ ΠΕΡΙΟΔΟΣ (ΠΡΟΕΔΡΕΥΟΜΕΝΗΣ ΚΟΙΝΟΒΟΥΛΕΥΤΙΚΗΣ ΔΗΜΟΚΡΑΤΙΑΣ),ΞΕ',https://www.hellenicparliament.gr/Praktika/Synedriaseis-Olomeleias?sessionRecord=907663d6-5492-4752-a140-af9b00f167a0,20230131001542_1.docx,https://www.hellenicparliament.gr/UserFiles/a08fc2dd-61a9-4a83-b09a-09f4c564609d/20230131001542_1.docx,31/01/2023,https://www.hellenicparliament.gr/Vouli-ton-Ellinon/ToKtirio/Fotografiko-Archeio/#226a70cf-09f2-400e-afc6-af9b00e94caf,Δ' Σύνοδος
ΙΗ΄ ΠΕΡΙΟΔΟΣ (ΠΡΟΕΔΡΕΥΟΜΕΝΗΣ ΚΟΙΝΟΒΟΥΛΕΥΤΙΚΗΣ ΔΗΜΟΚΡΑΤΙΑΣ),ΞΔ',https://www.hellenicparliament.gr/Praktika/Synedriaseis-Olomeleias?sessionRecord=5271fedd-8e03-4904-862f-af9a0132a66b,20230130001541_1.docx,https://www.hellenicparliament.gr/UserFiles/a08fc2dd-61a9-4a83-b09a-09f4c564609d/20230130001541_1.docx,30/01/2023,https://www.hellenicparliament.gr/Vouli-ton-Ellinon/ToKtirio/Fotografiko-Archeio/#3fbc7459-ef83-4076-9e4c-af9a011c8046,Δ' Σύνοδος
ΙΗ΄ ΠΕΡΙΟΔΟΣ (ΠΡΟΕΔΡΕΥΟΜΕΝΗΣ ΚΟΙΝΟΒΟΥΛΕΥΤΙΚΗΣ ΔΗΜΟΚΡΑΤΙΑΣ),ΞΓ',https://www.hellenicparliament.gr/Praktika/Synedriaseis-Olomeleias?sessionRecord=7b78c5ef-9d37-4dde-bd65-af970111b9fb,20230127001540_1.docx,https://www.hellenicparliament.gr/UserFiles/a08fc2dd-61a9-4a83-b09a-09f4c564609d/20230127001540_1.docx,27/01/2023,https://www.hellenicparliament.gr/Vouli-ton-Ellinon/ToKtirio/Fotografiko-Archeio/#6c516312-ead5-4e32-9b53-af97010659cb,Δ' Σύνοδος
ΙΗ΄ ΠΕΡΙΟΔΟΣ (ΠΡΟΕΔΡΕΥΟΜΕΝΗΣ ΚΟΙΝΟΒΟΥΛΕΥΤΙΚΗΣ ΔΗΜΟΚΡΑΤΙΑΣ),ΞΒ',https://www.hellenicparliament.gr/Praktika/Synedriaseis-Olomeleias?sessionRecord=c0cff2f6-741e-404d-9364-af9700519a7f,20230126001539_1.docx,https://www.hellenicparliament.gr/UserFiles/a08fc2dd-61a9-4a83-b09a-09f4c564609d/20230126001539_1.docx,26/01/2023,https://www.hellenicparliament.gr/Vouli-ton-Ellinon/ToKtirio/Fotografiko-Archeio/#80a57e9c-4bf8-479a-b433-af9700bcd062,Δ' Σύνοδος
ΙΗ΄ ΠΕΡΙΟΔΟΣ (ΠΡΟΕΔΡΕΥΟΜΕΝΗΣ ΚΟΙΝΟΒΟΥΛΕΥΤΙΚΗΣ ΔΗΜΟΚΡΑΤΙΑΣ),ΞΑ',https://www.hellenicparliament.gr/Praktika/Synedriaseis-Olomeleias?sessionRecord=2b5057b8-e73d-4660-a85b-af96004545e4,20230125001538_1.docx,https://www.hellenicparliament.gr/UserFiles/a08fc2dd-61a9-4a83-b09a-09f4c564609d/20230125001538_1.docx,25/01/2023,https://www.hellenicparliament.gr/Vouli-ton-Ellinon/ToKtirio/Fotografiko-Archeio/#37f4fae9-4031-4636-8ed8-af9600b27cf4,Δ' Σύνοδος
ΙΗ΄ ΠΕΡΙΟΔΟΣ (ΠΡΟΕΔΡΕΥΟΜΕΝΗΣ ΚΟΙΝΟΒΟΥΛΕΥΤΙΚΗΣ ΔΗΜΟΚΡΑΤΙΑΣ),Ξ',https://www.hellenicparliament.gr/Praktika/Synedriaseis-Olomeleias?sessionRecord=cf25fd4f-80f9-4369-99b8-af95012550b7,20230125001537_1.docx,https://www.hellenicparliament.gr/UserFiles/a08fc2dd-61a9-4a83-b09a-09f4c564609d/20230125001537_1.docx,25/01/2023,https://www.hellenicparliament.gr/Vouli-ton-Ellinon/ToKtirio/Fotografiko-Archeio/#be36168f-380d-4de8-966b-af9600b018a5,Δ' Σύνοδος
ΙΗ΄ ΠΕΡΙΟΔΟΣ (ΠΡΟΕΔΡΕΥΟΜΕΝΗΣ ΚΟΙΝΟΒΟΥΛΕΥΤΙΚΗΣ ΔΗΜΟΚΡΑΤΙΑΣ),ΝΘ',https://www.hellenicparliament.gr/Praktika/Synedriaseis-Olomeleias?sessionRecord=b5e46685-e4eb-4519-b524-af930161c8a7,20230123001536_1.docx,https://www.hellenicparliament.gr/UserFiles/a08fc2dd-61a9-4a83-b09a-09f4c564609d/20230123001536_1.docx,23/01/2023,https://www.hellenicparliament.gr/Vouli-ton-Ellinon/ToKtirio/Fotografiko-Archeio/#9ad20eb6-2741-420c-b756-af9400abb7eb,Δ' Σύνοδος
ΙΗ΄ ΠΕΡΙΟΔΟΣ (ΠΡΟΕΔΡΕΥΟΜΕΝΗΣ ΚΟΙΝΟΒΟΥΛΕΥΤΙΚΗΣ ΔΗΜΟΚΡΑΤΙΑΣ),ΝΗ',https://www.hellenicparliament.gr/Praktika/Synedriaseis-Olomeleias?sessionRecord=a7657e22-9760-40cd-a870-af9000dbfa9a,20230120001535_1.docx,https://www.hellenicparliament.gr/UserFiles/a08fc2dd-61a9-4a83-b09a-09f4c564609d/20230120001535_1.docx,20/01/2023,https://www.hellenicparliament.gr/Vouli-ton-Ellinon/ToKtirio/Fotografiko-Archeio/#38717c92-00a6-40fb-a1e8-af9001037282,Δ' Σύνοδος
ΙΗ΄ ΠΕΡΙΟΔΟΣ (ΠΡΟΕΔΡΕΥΟΜΕΝΗΣ ΚΟΙΝΟΒΟΥΛΕΥΤΙΚΗΣ ΔΗΜΟΚΡΑΤΙΑΣ),ΝΖ',https://www.hellenicparliament.gr/Praktika/Synedriaseis-Olomeleias?sessionRecord=ac101d49-eaba-4f36-86d6-af8f0121cf78,20230119001534_1.docx,https://www.hellenicparliament.gr/UserFiles/a08fc2dd-61a9-4a83-b09a-09f4c564609d/20230119001534_1.docx,19/01/2023,https://www.hellenicparliament.gr/Vouli-ton-Ellinon/ToKtirio/Fotografiko-Archeio/#b3c614f7-43f3-4566-bcca-af8f01142d15,Δ' Σύνοδος
ΙΗ΄ ΠΕΡΙΟΔΟΣ (ΠΡΟΕΔΡΕΥΟΜΕΝΗΣ ΚΟΙΝΟΒΟΥΛΕΥΤΙΚΗΣ ΔΗΜΟΚΡΑΤΙΑΣ),ΝΣΤ',https://www.hellenicparliament.gr/Praktika/Synedriaseis-Olomeleias?sessionRecord=b241b968-cbd0-4863-8ce1-af8d0174a239,20230117001533_1.docx,https://www.hellenicparliament.gr/UserFiles/a08fc2dd-61a9-4a83-b09a-09f4c564609d/20230117001533_1.docx,17/01/2023,https://www.hellenicparliament.gr/Vouli-ton-Ellinon/ToKtirio/Fotografiko-Archeio/#7052170e-145d-44c1-b05e-af8e00ad8fa2,Δ' Σύνοδος
ΙΗ΄ ΠΕΡΙΟΔΟΣ (ΠΡΟΕΔΡΕΥΟΜΕΝΗΣ ΚΟΙΝΟΒΟΥΛΕΥΤΙΚΗΣ ΔΗΜΟΚΡΑΤΙΑΣ),ΝΕ',https://www.hellenicparliament.gr/Praktika/Synedriaseis-Olomeleias?sessionRecord=e29d3ed6-59a3-4ec9-8d2c-af8c013b55ad,20230116001532.docx,https://www.hellenicparliament.gr/UserFiles/a08fc2dd-61a9-4a83-b09a-09f4c564609d/20230116001532.docx,16/01/2023,https://www.hellenicparliament.gr/Vouli-ton-Ellinon/ToKtirio/Fotografiko-Archeio/#3d90ca71-f85b-41df-916c-af8d00acb25f,Δ' Σύνοδος
ΙΗ΄ ΠΕΡΙΟΔΟΣ (ΠΡΟΕΔΡΕΥΟΜΕΝΗΣ ΚΟΙΝΟΒΟΥΛΕΥΤΙΚΗΣ ΔΗΜΟΚΡΑΤΙΑΣ),ΝΔ',https://www.hellenicparliament.gr/Praktika/Synedriaseis-Olomeleias?sessionRecord=19d114f2-6cfc-4fcd-86dd-af8900c72bfc,20230113001531_1.docx,https://www.hellenicparliament.gr/UserFiles/a08fc2dd-61a9-4a83-b09a-09f4c564609d/20230113001531_1.docx,13/01/2023,https://www.hellenicparliament.gr/Vouli-ton-Ellinon/ToKtirio/Fotografiko-Archeio/#6a6575b3-967b-4d9b-a2ae-af8900cc37ac,Δ' Σύνοδος
ΙΗ΄ ΠΕΡΙΟΔΟΣ (ΠΡΟΕΔΡΕΥΟΜΕΝΗΣ ΚΟΙΝΟΒΟΥΛΕΥΤΙΚΗΣ ΔΗΜΟΚΡΑΤΙΑΣ),ΝΓ',https://www.hellenicparliament.gr/Praktika/Synedriaseis-Olomeleias?sessionRecord=9a63768e-18c6-4b2a-911b-af8800eefeb7,20230112001530_1.docx,https://www.hellenicparliament.gr/UserFiles/a08fc2dd-61a9-4a83-b09a-09f4c564609d/20230112001530_1.docx,12/01/2023,https://www.hellenicparliament.gr/Vouli-ton-Ellinon/ToKtirio/Fotografiko-Archeio/#30d81a81-6888-49bf-b9c6-af8800f2d566,Δ' Σύνοδος
ΙΗ΄ ΠΕΡΙΟΔΟΣ (ΠΡΟΕΔΡΕΥΟΜΕΝΗΣ ΚΟΙΝΟΒΟΥΛΕΥΤΙΚΗΣ ΔΗΜΟΚΡΑΤΙΑΣ),ΝΒ',https://www.hellenicparliament.gr/Praktika/Synedriaseis-Olomeleias?sessionRecord=5cf680e3-681b-40b5-ad7f-af8700e84d98,20230111001529_1.docx,https://www.hellenicparliament.gr/UserFiles/a08fc2dd-61a9-4a83-b09a-09f4c564609d/20230111001529_1.docx,11/01/2023,https://www.hellenicparliament.gr/Vouli-ton-Ellinon/ToKtirio/Fotografiko-Archeio/#452de411-5b11-4a6c-a22f-af8700d55da0,Δ' Σύνοδος
ΙΗ΄ ΠΕΡΙΟΔΟΣ (ΠΡΟΕΔΡΕΥΟΜΕΝΗΣ ΚΟΙΝΟΒΟΥΛΕΥΤΙΚΗΣ ΔΗΜΟΚΡΑΤΙΑΣ),ΝΑ',https://www.hellenicparliament.gr/Praktika/Synedriaseis-Olomeleias?sessionRecord=38e5e09e-cda5-4b9f-aac7-af7300093e64,20221221001528_1.docx,https://www.hellenicparliament.gr/UserFiles/a08fc2dd-61a9-4a83-b09a-09f4c564609d/20221221001528_1.docx,21/12/2022,https://www.hellenicparliament.gr/Vouli-ton-Ellinon/ToKtirio/Fotografiko-Archeio/#5e0a7705-ad6d-4740-9ec3-af7300b3c316,Δ' Σύνοδος
ΙΗ΄ ΠΕΡΙΟΔΟΣ (ΠΡΟΕΔΡΕΥΟΜΕΝΗΣ ΚΟΙΝΟΒΟΥΛΕΥΤΙΚΗΣ ΔΗΜΟΚΡΑΤΙΑΣ),Ν',https://www.hellenicparliament.gr/Praktika/Synedriaseis-Olomeleias?sessionRecord=8e9d16c0-3d70-4e48-8d5b-af720008d940,20221220001527_1.docx,https://www.hellenicparliament.gr/UserFiles/a08fc2dd-61a9-4a83-b09a-09f4c564609d/20221220001527_1.docx,20/12/2022,https://www.hellenicparliament.gr/Vouli-ton-Ellinon/ToKtirio/Fotografiko-Archeio/#d4ed3055-34ef-4f59-add2-af7200b0a585,Δ' Σύνοδος
ΙΗ΄ ΠΕΡΙΟΔΟΣ (ΠΡΟΕΔΡΕΥΟΜΕΝΗΣ ΚΟΙΝΟΒΟΥΛΕΥΤΙΚΗΣ ΔΗΜΟΚΡΑΤΙΑΣ),ΜΘ',https://www.hellenicparliament.gr/Praktika/Synedriaseis-Olomeleias?sessionRecord=88ab93e4-c999-4909-bfa3-af70013fc329,20221219001526.docx,https://www.hellenicparliament.gr/UserFiles/a08fc2dd-61a9-4a83-b09a-09f4c564609d/20221219001526.docx,19/12/2022,https://www.hellenicparliament.gr/Vouli-ton-Ellinon/ToKtirio/Fotografiko-Archeio/#9483ae63-78c9-4be3-bd2f-af7100b2cf68,Δ' Σύνοδος
ΙΗ΄ ΠΕΡΙΟΔΟΣ (ΠΡΟΕΔΡΕΥΟΜΕΝΗΣ ΚΟΙΝΟΒΟΥΛΕΥΤΙΚΗΣ ΔΗΜΟΚΡΑΤΙΑΣ),ΜΗ',https://www.hellenicparliament.gr/Praktika/Synedriaseis-Olomeleias?sessionRecord=a0d02e3d-645f-4781-b405-af6e0177b115,20221217001525_1.docx,https://www.hellenicparliament.gr/UserFiles/a08fc2dd-61a9-4a83-b09a-09f4c564609d/20221217001525_1.docx,17/12/2022,https://www.hellenicparliament.gr/Vouli-ton-Ellinon/ToKtirio/Fotografiko-Archeio/#90e53016-55ed-4865-8b6e-af6f00121d1d,Δ' Σύνοδος
ΙΗ΄ ΠΕΡΙΟΔΟΣ (ΠΡΟΕΔΡΕΥΟΜΕΝΗΣ ΚΟΙΝΟΒΟΥΛΕΥΤΙΚΗΣ ΔΗΜΟΚΡΑΤΙΑΣ),ΜΖ',https://www.hellenicparliament.gr/Praktika/Synedriaseis-Olomeleias?sessionRecord=ddb054cd-fcf9-4c28-a740-af6e00074ee1,20221216001524_1.docx,https://www.hellenicparliament.gr/UserFiles/a08fc2dd-61a9-4a83-b09a-09f4c564609d/20221216001524_1.docx,16/12/2022,https://www.hellenicparliament.gr/Vouli-ton-Ellinon/ToKtirio/Fotografiko-Archeio/#4db73464-9d1e-4767-a47c-af6e00b6a042,Δ' Σύνοδος
ΙΗ΄ ΠΕΡΙΟΔΟΣ (ΠΡΟΕΔΡΕΥΟΜΕΝΗΣ ΚΟΙΝΟΒΟΥΛΕΥΤΙΚΗΣ ΔΗΜΟΚΡΑΤΙΑΣ),ΜΣΤ',https://www.hellenicparliament.gr/Praktika/Synedriaseis-Olomeleias?sessionRecord=dec4185d-2706-4aba-9363-af6d00079de5,20221215001523_1.docx,https://www.hellenicparliament.gr/UserFiles/a08fc2dd-61a9-4a83-b09a-09f4c564609d/20221215001523_1.docx,15/12/2022,https://www.hellenicparliament.gr/Vouli-ton-Ellinon/ToKtirio/Fotografiko-Archeio/#98ff0f05-f450-4d12-9aa3-af6d00beac46,Δ' Σύνοδος
ΙΗ΄ ΠΕΡΙΟΔΟΣ (ΠΡΟΕΔΡΕΥΟΜΕΝΗΣ ΚΟΙΝΟΒΟΥΛΕΥΤΙΚΗΣ ΔΗΜΟΚΡΑΤΙΑΣ),ΜΕ',https://www.hellenicparliament.gr/Praktika/Synedriaseis-Olomeleias?sessionRecord=6ee631e9-5ba0-47f1-89af-af6b01881a64,20221214001522_1.docx,https://www.hellenicparliament.gr/UserFiles/a08fc2dd-61a9-4a83-b09a-09f4c564609d/20221214001522_1.docx,14/12/2022,https://www.hellenicparliament.gr/Vouli-ton-Ellinon/ToKtirio/Fotografiko-Archeio/#4abf8403-d491-41db-9a81-af6c00b5998d,Δ' Σύνοδος
ΙΗ΄ ΠΕΡΙΟΔΟΣ (ΠΡΟΕΔΡΕΥΟΜΕΝΗΣ ΚΟΙΝΟΒΟΥΛΕΥΤΙΚΗΣ ΔΗΜΟΚΡΑΤΙΑΣ),ΜΔ',https://www.hellenicparliament.gr/Praktika/Synedriaseis-Olomeleias?sessionRecord=b063754c-880b-4fbe-a577-af6b000dfc5d,20221213001521_1.docx,https://www.hellenicparliament.gr/UserFiles/a08fc2dd-61a9-4a83-b09a-09f4c564609d/20221213001521_1.docx,13/12/2022,https://www.hellenicparliament.gr/Vouli-ton-Ellinon/ToKtirio/Fotografiko-Archeio/#9e1b9369-d3b5-45a4-ba2a-af6b00b59c8b,Δ' Σύνοδος
ΙΗ΄ ΠΕΡΙΟΔΟΣ (ΠΡΟΕΔΡΕΥΟΜΕΝΗΣ ΚΟΙΝΟΒΟΥΛΕΥΤΙΚΗΣ ΔΗΜΟΚΡΑΤΙΑΣ),ΜΓ',https://www.hellenicparliament.gr/Praktika/Synedriaseis-Olomeleias?sessionRecord=13855c09-42ee-417e-aa7b-af6901850622,20221212001520_1.docx,https://www.hellenicparliament.gr/UserFiles/a08fc2dd-61a9-4a83-b09a-09f4c564609d/20221212001520_1.docx,12/12/2022,https://www.hellenicparliament.gr/Vouli-ton-Ellinon/ToKtirio/Fotografiko-Archeio/#8f6178b4-a591-4dcf-9155-af6a00aaaa27,Δ' Σύνοδος
